{
  "width": 768,
  "height": 480,
  "safeAreaSize": 1024,
  "tile": {
    "width": 128,
    "height": 48,
    "lineDeltaX": 32,
    "lineDeltaY": -28,
    "columnDeltaX": 128,
    "columnDeltaY": -16,
    "path": "M 80,2 0,32 v 80 L 176,45.999983 V -1.7500048 L 119.93945,19.273438 C 99.970066,26.761958 82.646256,17.007661 80,2 Z",
    "variants": [
      "a",
      "b",
      "c",
      "d",
      "e"
    ],
    "variantLineShift": 4,
    "variantColumnShift": 1
  },
  "grid": {
    "originX": -3000,
    "originY": 2048,
    "countX": 32,
    "countY": 96,
    "lines": 7,
    "columns": 5,
    "order": "up-right"
  }
}